"name","pages"
"Master Assembly","2"
"Glue Applicator","2"
"Roller Assembly","1"
"Adhesive Roller","2"
"Roller Super-Structure","2"
"Pressure Roller Assembly","1"
"Top Plate","1"
"Top Roller","1"
"Top Roller Axle","1"
"Spacer","1"
"Pan Cover","1"
"Motor Mount Spacer","1"
"Roller Pan","1"
"Base Plate","2"
"Bearing Block","1"
"Roller","1"
"Roller Axle","1"
"Squeegee","1"
"Motor Assembly","1"
"Jig Assembly","2"
"Plate Jig Assembly","2"
"Lamina Jig","1"
"MPHX Jig Half 1","2"
"MPHX Jig Half 2","2"
"Lamina Jig 1","2"
"Lamina Jig 2","2"
"Jig Side Overhang","1"
"Jig Center Overhang","1"
"Jig Side Bracing","1"
"Feed Assembly","2"
"Feed Plate","1"
"Track Roller","1"
"Side Track Plate","1"
"Underpinning Bar","1"
"Pivot Assembly","1"
"Corner Bracket Assembly","1"
"T-Bracket Assembly","1"
"Angle Bracket Assembly","1"
"Square Bracket Assembly","1"
"Misc 20x20 Bars","1"
"Electrical Assembly","1"
"Modified Electrical Box","1"